-- Adminer 4.7.6 MySQL dump

SET NAMES utf8;
SET time_zone = '+00:00';
SET foreign_key_checks = 0;
SET sql_mode = 'NO_AUTO_VALUE_ON_ZERO';

SET NAMES utf8mb4;

DROP TABLE IF EXISTS `abouts`;
CREATE TABLE `abouts` (
  `id` bigint(20) unsigned NOT NULL AUTO_INCREMENT,
  `title` varchar(191) COLLATE utf8mb4_unicode_ci NOT NULL,
  `subtitle` varchar(191) COLLATE utf8mb4_unicode_ci NOT NULL,
  `description` longtext COLLATE utf8mb4_unicode_ci NOT NULL,
  `created_at` timestamp NULL DEFAULT NULL,
  `updated_at` timestamp NULL DEFAULT NULL,
  PRIMARY KEY (`id`)
) ENGINE=InnoDB AUTO_INCREMENT=16 DEFAULT CHARSET=utf8mb4 COLLATE=utf8mb4_unicode_ci;

INSERT INTO `abouts` (`id`, `title`, `subtitle`, `description`, `created_at`, `updated_at`) VALUES
(2,	'Unubore Deka',	'J-Drama',	'a life of hopeless detective in search of woman\'s love',	'2021-03-01 04:48:17',	'2021-03-04 00:26:54'),
(14,	'123',	'456',	'789',	'2021-03-03 07:02:09',	'2021-03-04 00:30:10'),
(15,	'Endgame',	'MCU',	'Heroes vs Thanos',	'2021-03-04 00:29:31',	'2021-03-04 00:29:31');

DROP TABLE IF EXISTS `companies`;
CREATE TABLE `companies` (
  `id_prshn` bigint(20) unsigned NOT NULL AUTO_INCREMENT,
  `nama_prshn` varchar(191) COLLATE utf8mb4_unicode_ci NOT NULL,
  `bentuk_prshn` varchar(191) COLLATE utf8mb4_unicode_ci NOT NULL,
  `nama_owner` varchar(191) COLLATE utf8mb4_unicode_ci NOT NULL,
  `thn_est` int(11) NOT NULL,
  `alamat` varchar(191) COLLATE utf8mb4_unicode_ci NOT NULL,
  `lat_prshn` double DEFAULT NULL,
  `long_prshn` double DEFAULT NULL,
  `telepon` varchar(191) COLLATE utf8mb4_unicode_ci NOT NULL,
  `website` varchar(191) COLLATE utf8mb4_unicode_ci NOT NULL,
  `email` varchar(191) COLLATE utf8mb4_unicode_ci NOT NULL,
  `created_at` timestamp NULL DEFAULT NULL,
  `updated_at` timestamp NULL DEFAULT NULL,
  `file_akta` varchar(191) COLLATE utf8mb4_unicode_ci DEFAULT NULL,
  `file_foto` varchar(191) COLLATE utf8mb4_unicode_ci DEFAULT NULL,
  `file_ktp` varchar(191) COLLATE utf8mb4_unicode_ci DEFAULT NULL,
  `id_klurahn` int(11) NOT NULL,
  `id_kecamatan` int(11) DEFAULT NULL,
  `id_kota` int(11) DEFAULT NULL,
  `id_user` bigint(20) unsigned DEFAULT NULL,
  `status_prshn` varchar(20) COLLATE utf8mb4_unicode_ci DEFAULT NULL,
  PRIMARY KEY (`id_prshn`),
  KEY `id_klurahn` (`id_klurahn`),
  KEY `id_user` (`id_user`),
  KEY `id_kota` (`id_kota`),
  KEY `id_kecamatan` (`id_kecamatan`),
  CONSTRAINT `companies_ibfk_1` FOREIGN KEY (`id_klurahn`) REFERENCES `kelurahan` (`id`) ON DELETE CASCADE ON UPDATE CASCADE,
  CONSTRAINT `companies_ibfk_2` FOREIGN KEY (`id_user`) REFERENCES `users` (`id`) ON DELETE CASCADE ON UPDATE CASCADE,
  CONSTRAINT `companies_ibfk_5` FOREIGN KEY (`id_kota`) REFERENCES `kota` (`id`) ON DELETE CASCADE ON UPDATE CASCADE,
  CONSTRAINT `companies_ibfk_6` FOREIGN KEY (`id_kecamatan`) REFERENCES `kecamatan` (`id`) ON DELETE CASCADE ON UPDATE CASCADE
) ENGINE=InnoDB AUTO_INCREMENT=23 DEFAULT CHARSET=utf8mb4 COLLATE=utf8mb4_unicode_ci;

INSERT INTO `companies` (`id_prshn`, `nama_prshn`, `bentuk_prshn`, `nama_owner`, `thn_est`, `alamat`, `lat_prshn`, `long_prshn`, `telepon`, `website`, `email`, `created_at`, `updated_at`, `file_akta`, `file_foto`, `file_ktp`, `id_klurahn`, `id_kecamatan`, `id_kota`, `id_user`, `status_prshn`) VALUES
(19,	'Sadhiwo Studio',	'CV',	'Satrio Adhi Wibowo',	2019,	'Galaxi Bumi Permai TG3-26',	-7.2951933,	112.7872971,	'087852713406',	'www.sadhiwoslab.com',	'sadhiwo136@gmail.com',	'2021-03-29 15:47:02',	'2021-03-29 15:47:02',	'akta1.pdf',	'satrio_foto4x6.jpg',	'satrio_ktp.jpg',	362,	3578080,	3578,	1,	'DIPROSES'),
(20,	'Sukolilo Farming',	'PT',	'Satrio Adhi Wibowo',	2021,	'Jl. Mangga 123',	-7.2951933,	112.7872971,	'087852713406',	'www.sadhiwoslab.com',	'sadhiwo136@gmail.com',	'2021-03-29 15:51:34',	'2021-03-29 15:51:34',	'akta2.pdf',	'satrio_foto4x6.jpg',	'satrio_ktp.jpg',	362,	3578080,	3578,	1,	'DIPROSES'),
(21,	'Asgard Tekno Mumpuni',	'CV',	'Bayu Eka',	2021,	'Jl. Bengawan 32',	-7.0234875,	112.6671425,	'111888555',	'teslur.com',	'paijo@its.com',	'2021-03-29 16:48:33',	'2021-03-29 16:48:33',	'akta2.pdf',	'thor-now.jpg',	'ktpthor.jpeg',	253,	3515140,	3515,	6,	'DIPROSES'),
(22,	'Cuan Company',	'Firma',	'Thorjiman Odinson',	2021,	'Jl. Klampis 123',	-7.0234875,	112.6671425,	'0813030999',	'www.123.com',	'asd@z.com',	'2021-03-29 16:52:45',	'2021-03-29 16:52:45',	'akta4.pdf',	'thor-now.jpg',	'ktpthor.jpeg',	991,	3525050,	3525,	6,	'DIPROSES');

DROP TABLE IF EXISTS `laporan`
CREATE TABLE `laporan` (
  `id_laporan` bigint(20) UNSIGNED NOT NULL,
  `deskripsi` text COLLATE utf8mb4_unicode_ci DEFAULT NULL,
  `foto1` varchar(191) COLLATE utf8mb4_unicode_ci DEFAULT NULL,
  `foto2` varchar(191) COLLATE utf8mb4_unicode_ci DEFAULT NULL,
  `id_pelapor` int(11) DEFAULT NULL,
  `tanggal_laporan` datetime NOT NULL DEFAULT current_timestamp(),
  `status_terakhir` int(11) DEFAULT 1,
  `SKPD_terkait` varchar(191) COLLATE utf8mb4_unicode_ci DEFAULT NULL,
  `jawaban_SKPD` text COLLATE utf8mb4_unicode_ci DEFAULT NULL,
  `feedback_pelapor` text COLLATE utf8mb4_unicode_ci DEFAULT NULL,
  `tanggal_status_terakhir` date DEFAULT NULL,
  `judul` varchar(191) COLLATE utf8mb4_unicode_ci DEFAULT NULL,
  `created_at` timestamp NOT NULL DEFAULT current_timestamp(),
  `updated_at` timestamp NOT NULL DEFAULT current_timestamp()
) ENGINE=InnoDB DEFAULT CHARSET=utf8mb4 COLLATE=utf8mb4_unicode_ci;

INSERT INTO `laporan` (`id_laporan`, `deskripsi`, `foto1`, `foto2`, `id_pelapor`, `tanggal_laporan`, `status_terakhir`, `SKPD_terkait`, `jawaban_SKPD`, `feedback_pelapor`, `tanggal_status_terakhir`, `judul`, `created_at`, `updated_at`) VALUES
(3, 'Pelaksanaan pembangunan Taman Desa telah berlangsung dengan sangat baik', 'foto1.jpg', 'foto2.jpg', 6, '2021-03-19 17:45:44', 2, 'Kepala Desa', 'Nice', 'Nice', '2021-03-19', 'Pembangunan Taman Desa', '2021-03-19 10:45:44', '2021-03-19 10:45:44'),
(4, NULL, 'sekolah1.jpg', 'sekolah2.jpg', 6, '2021-03-19 17:56:41', 2, '-', '-', '-', '2021-03-27', NULL, '2021-03-19 10:58:19', '2021-03-22 14:26:38'),
(5, 'testtttt', NULL, NULL, 10, '2021-03-28 18:40:21', NULL, NULL, NULL, NULL, NULL, 'nani kore', '2021-03-28 11:40:21', '2021-03-28 11:40:21'),
(6, 'weeawefwefswdwf', 'probstat1.PNG', 'probstat2.PNG', 10, '2021-03-28 21:33:18', 1, NULL, NULL, NULL, NULL, 'Pembangunan Taman Desa', '2021-03-28 14:33:18', '2021-03-28 14:33:18'),
(8, 'w', '', '', 10, '2021-03-31 00:59:03', 1, NULL, NULL, NULL, NULL, 'whhwwh', '2021-03-30 17:59:03', '2021-03-30 17:59:03'),
(9, 'a', '', '', 10, '2021-03-31 01:00:33', 1, NULL, NULL, NULL, NULL, 'a', '2021-03-30 18:00:33', '2021-03-30 18:00:33'),
(10, 'www', 'invalid.PNG', 'invalud.PNG', 10, '2021-03-31 19:09:00', 1, NULL, NULL, NULL, NULL, 'tes', '2021-03-31 12:09:00', '2021-03-31 12:09:00'),
(11, 'a', 'mogonf.PNG', 'dfsloop.PNG', 11, '2021-03-31 21:45:15', 1, NULL, NULL, NULL, NULL, 'a', '2021-03-31 14:45:15', '2021-03-31 14:45:15');


DROP TABLE IF EXISTS `coordinates`;
CREATE TABLE `coordinates` (
  `id` bigint(20) unsigned NOT NULL AUTO_INCREMENT,
  `lat` double NOT NULL,
  `long` double NOT NULL,
  `created_at` timestamp NULL DEFAULT NULL,
  `updated_at` timestamp NULL DEFAULT NULL,
  PRIMARY KEY (`id`)
) ENGINE=InnoDB AUTO_INCREMENT=9 DEFAULT CHARSET=utf8mb4 COLLATE=utf8mb4_unicode_ci;

INSERT INTO `coordinates` (`id`, `lat`, `long`, `created_at`, `updated_at`) VALUES
(7,	-7.2898807828024825,	112.78791904449464,	'2021-03-13 12:12:38',	'2021-03-13 12:12:38'),
(8,	-7.247423127038715,	112.73791193962097,	'2021-03-13 12:12:53',	'2021-03-13 12:12:53');

DROP TABLE IF EXISTS `documents`;
CREATE TABLE `documents` (
  `id` bigint(20) unsigned NOT NULL AUTO_INCREMENT,
  `file_name` varchar(191) COLLATE utf8mb4_unicode_ci NOT NULL,
  `ext` varchar(10) COLLATE utf8mb4_unicode_ci DEFAULT NULL,
  `created_at` timestamp NULL DEFAULT NULL,
  `updated_at` timestamp NULL DEFAULT NULL,
  PRIMARY KEY (`id`)
) ENGINE=InnoDB AUTO_INCREMENT=12 DEFAULT CHARSET=utf8mb4 COLLATE=utf8mb4_unicode_ci;

INSERT INTO `documents` (`id`, `file_name`, `ext`, `created_at`, `updated_at`) VALUES
(2,	'CV_2021_Sadhiwo.docx',	'docx',	'2021-03-05 00:00:31',	'2021-03-05 00:00:31'),
(3,	'biaya_bensin.txt',	'txt',	'2021-03-05 00:39:00',	'2021-03-05 00:39:00'),
(4,	'Satrio_surat_lamaran_kerja.docx',	'docx',	'2021-03-05 00:44:04',	'2021-03-05 00:44:04'),
(5,	'profil.txt',	'txt',	'2021-03-05 00:44:21',	'2021-03-05 00:44:21'),
(11,	'modifikasi-tamiya-2_169.jpeg',	'jpeg',	'2021-03-06 15:37:35',	'2021-03-06 15:37:35');

DROP TABLE IF EXISTS `jenis_psu`;
CREATE TABLE `jenis_psu` (
  `id` int(11) NOT NULL AUTO_INCREMENT,
  `jenis` varchar(60) NOT NULL,
  `kategori` varchar(60) NOT NULL,
  `ukuran` varchar(10) NOT NULL,
  PRIMARY KEY (`id`)
) ENGINE=InnoDB AUTO_INCREMENT=22 DEFAULT CHARSET=utf8;

INSERT INTO `jenis_psu` (`id`, `jenis`, `kategori`, `ukuran`) VALUES
(1,	'Jaringan Jalan',	'Prasarana Perumahan',	'm'),
(2,	'Jaringan saluran pembuangan air hujan (drainase)',	'Prasarana Perumahan',	'm'),
(3,	'Sanitasi',	'Prasarana Perumahan',	'm'),
(4,	'Jaringan saluran pembuangan air limbah',	'Prasarana Perumahan',	'm'),
(5,	'Tempat pembuangan sampah',	'Prasarana Perumahan',	'Ha'),
(6,	'Sarana perniagaan/perbelanjaan',	'Sarana Perumahan',	'Ha'),
(7,	'Sarana pelayanan umum dan pemerintahan',	'Sarana Perumahan',	'Ha'),
(8,	'Sarana pendidikan',	'Sarana Perumahan',	'Ha'),
(9,	'Sarana kesehatan',	'Sarana Perumahan',	'Ha'),
(10,	'Sarana peribadatan',	'Sarana Perumahan',	'Ha'),
(11,	'Sarana rekreasi dan olah raga',	'Sarana Perumahan',	'Ha'),
(12,	'Sarana pemakaman',	'Sarana Perumahan',	'Ha'),
(13,	'Sarana pertanaman dan ruang terbuka hijau',	'Sarana Perumahan',	'Ha'),
(14,	'Sarana parkir',	'Sarana Perumahan',	'Ha'),
(15,	'Jaringan air bersih',	'Utilitas Umum Perumahan',	'm'),
(16,	'Jaringan listrik',	'Utilitas Umum Perumahan',	'm'),
(17,	'Jaringan telepon',	'Utilitas Umum Perumahan',	'm'),
(18,	'Jaringan gas',	'Utilitas Umum Perumahan',	'm'),
(19,	'Jaringan transportasi',	'Utilitas Umum Perumahan',	'm'),
(20,	'Pemadam kebakaran',	'Utilitas Umum Perumahan',	'Ha'),
(21,	'Sarana penerangan jalan umum',	'Utilitas Umum Perumahan',	'Unit');

DROP TABLE IF EXISTS `kecamatan`;
CREATE TABLE `kecamatan` (
  `id` int(11) NOT NULL,
  `nama` varchar(100) NOT NULL,
  `latitude` double NOT NULL,
  `longitude` double NOT NULL,
  `id_kota` int(11) NOT NULL,
  PRIMARY KEY (`id`),
  KEY `id_kota` (`id_kota`),
  CONSTRAINT `kecamatan_ibfk_1` FOREIGN KEY (`id_kota`) REFERENCES `kota` (`id`) ON DELETE CASCADE ON UPDATE CASCADE
) ENGINE=InnoDB DEFAULT CHARSET=utf8;

INSERT INTO `kecamatan` (`id`, `nama`, `latitude`, `longitude`, `id_kota`) VALUES
(3515010,	'TARIK',	-7.4505944,	112.5125893,	3515),
(3515020,	'PRAMBON',	-7.46699,	112.5841075,	3515),
(3515030,	'KREMBUNG',	-7.5197091,	112.6377432,	3515),
(3515040,	'PORONG',	-7.5265902,	112.6973355,	3515),
(3515050,	'JABON',	-7.5590563,	112.7509656,	3515),
(3515060,	'TANGGULANGIN',	-7.5145399,	112.7330892,	3515),
(3515070,	'CANDI',	-7.4842287,	112.7330892,	3515),
(3515080,	'TULANGAN',	-7.4786285,	112.649662,	3515),
(3515090,	'WONOAYU',	-7.4240268,	112.6317838,	3515),
(3515100,	'SUKODONO',	-7.394667,	112.6737856,	3515),
(3515110,	'SIDOARJO',	-7.4497718,	112.7015495,	3515),
(3515120,	'BUDURAN',	-7.4324601,	112.7569243,	3515),
(3515130,	'SEDATI',	-7.3949134,	112.7986343,	3515),
(3515140,	'WARU',	-7.3511436,	112.7688416,	3515),
(3515150,	'GEDANGAN',	-7.3933814,	112.7330892,	3515),
(3515160,	'TAMAN',	-7.3662972,	112.673499,	3515),
(3515170,	'KRIAN',	-7.4010055,	112.5900671,	3515),
(3515180,	'BALONG BENDO',	-7.4142711,	112.5304693,	3515),
(3525010,	'WRINGINANOM',	-7.3697672,	112.5125893,	3525),
(3525020,	'DRIYOREJO',	-7.3445521,	112.6079459,	3525),
(3525030,	'KEDAMEAN',	-7.3281414,	112.5364292,	3525),
(3525040,	'MENGANTI',	-7.285307,	112.5841075,	3525),
(3525050,	'CERME',	-7.2260985,	112.5602686,	3525),
(3525060,	'BENJENG',	-7.2621802,	112.5010101,	3525),
(3525070,	'BALONGPANGGANG',	-7.2725931,	112.4410671,	3525),
(3525080,	'DUDUKSAMPEYAN',	-7.1468042,	112.5364292,	3525),
(3525090,	'KEBOMAS',	-7.1784578,	112.6233911,	3525),
(3525100,	'GRESIK',	-7.1652437,	112.6519882,	3525),
(3525110,	'MANYAR',	-7.0934905,	112.5960268,	3525),
(3525120,	'BUNGAH',	-7.023801,	112.5841075,	3525),
(3525130,	'SIDAYU',	-6.9860581,	112.5364292,	3525),
(3525140,	'DUKUN',	-6.9908257,	112.4410671,	3525),
(3525150,	'PANCENG',	-6.9294337,	112.4649083,	3525),
(3525160,	'UJUNGPANGKAH',	-6.9353179,	112.548349,	3525),
(3525170,	'SANGKAPURA',	-5.842914,	112.645401,	3525),
(3525180,	'TAMBAK',	-5.742111,	112.645302,	3525),
(3526010,	'KAMAL',	-7.1369962,	112.7271303,	3526),
(3526020,	'LABANG',	-7.1233486,	112.7931868,	3526),
(3526030,	'KWANYAR',	-7.149665,	112.870133,	3526),
(3526040,	'MODUNG',	-7.1647577,	112.9654557,	3526),
(3526050,	'BLEGA',	-7.1208946,	113.0369406,	3526),
(3526060,	'KONANG',	-7.0395217,	113.0607675,	3526),
(3526070,	'GALIS',	-7.0845248,	112.9654557,	3526),
(3526080,	'TANAH MERAH',	-7.0694033,	112.870133,	3526),
(3526090,	'TRAGAH',	-7.0919189,	112.8224678,	3526),
(3526100,	'SOCAH',	-7.0767485,	112.7271303,	3526),
(3526110,	'BANGKALAN',	-7.0252822,	112.7519821,	3526),
(3526120,	'BURNEH',	-7.0329691,	112.7986343,	3526),
(3526130,	'AROSBAYA',	-6.9704332,	112.8463007,	3526),
(3526140,	'GEGER',	-7.0056177,	112.941626,	3526),
(3526150,	'KOKOP',	-6.9794957,	113.0607675,	3526),
(3526160,	'TANJUNGBUMI',	-6.8995528,	113.0607675,	3526),
(3526170,	'SEPULU',	-6.924372,	112.9654557,	3526),
(3526180,	'KLAMPIS',	-6.926103,	112.884399,	3526),
(3578010,	'KARANG PILANG',	-7.3377771,	112.6883969,	3578),
(3578020,	'JAMBANGAN',	-7.3210819,	112.718192,	3578),
(3578030,	'GAYUNGAN',	-7.3308432,	112.7241509,	3578),
(3578040,	'WONOCOLO',	-7.3198199,	112.7420274,	3578),
(3578050,	'TENGGILIS MEJOYO',	-7.3242256,	112.7539449,	3578),
(3578060,	'GUNUNG ANYAR',	-7.3391634,	112.8045928,	3578),
(3578070,	'RUNGKUT',	-7.3190191,	112.8045928,	3578),
(3578080,	'SUKOLILO',	-7.2881839,	112.8165095,	3578),
(3578090,	'MULYOREJO',	-7.269315,	112.7926759,	3578),
(3578100,	'GUBENG',	-7.2789062,	112.7539449,	3578),
(3578110,	'WONOKROMO',	-7.302664,	112.7330892,	3578),
(3578120,	'DUKUH PAKIS',	-7.2968385,	112.700315,	3578),
(3578130,	'WIYUNG',	-7.3152565,	112.6854173,	3578),
(3578140,	'LAKARSANTRI',	-7.3165142,	112.6615805,	3578),
(3578141,	'SAMBIKEREP',	-7.2768355,	112.649662,	3578),
(3578150,	'TANDES',	-7.2554446,	112.673499,	3578),
(3578160,	'SUKO MANUNGGAL',	-7.2648317,	112.697273,	3578),
(3578170,	'SAWAHAN',	-7.2630131,	112.7211714,	3578),
(3578180,	'TEGALSARI',	-7.2798481,	112.7360686,	3578),
(3578190,	'GENTENG',	-7.2590879,	112.7479862,	3578),
(3578200,	'TAMBAKSARI',	-7.2504446,	112.7688416,	3578),
(3578210,	'KENJERAN',	-7.2202663,	112.7688416,	3578),
(3578211,	'BULAK',	-7.236774,	112.7896966,	3578),
(3578220,	'SIMOKERTO',	-7.2386497,	112.7539449,	3578),
(3578230,	'SEMAMPIR',	-7.2114552,	112.7450068,	3578),
(3578240,	'PABEAN CANTIAN',	-7.2147473,	112.7301098,	3578),
(3578250,	'BUBUTAN',	-7.2499621,	112.7301098,	3578),
(3578260,	'KREMBANGAN',	-7.2301486,	112.7241509,	3578),
(3578270,	'ASEMROWO',	-7.2346884,	112.6854173,	3578),
(3578280,	'BENOWO',	-7.2264879,	112.649662,	3578),
(3578281,	'PAKAL',	-7.2283485,	112.6139055,	3578);

DROP TABLE IF EXISTS `kelurahan`;
CREATE TABLE `kelurahan` (
  `id` int(11) NOT NULL AUTO_INCREMENT,
  `nama` varchar(100) NOT NULL,
  `id_kecamatan` int(11) NOT NULL,
  PRIMARY KEY (`id`),
  KEY `id_kecamatan` (`id_kecamatan`),
  CONSTRAINT `kelurahan_ibfk_1` FOREIGN KEY (`id_kecamatan`) REFERENCES `kecamatan` (`id`) ON DELETE CASCADE
) ENGINE=InnoDB AUTO_INCREMENT=1512 DEFAULT CHARSET=utf8;

INSERT INTO `kelurahan` (`id`, `nama`, `id_kecamatan`) VALUES
(1,	'LEBO',	3515110),
(2,	'SUKO',	3515110),
(3,	'BANJARBENDO',	3515110),
(4,	'LEMAHPUTRO',	3515110),
(5,	'SIDOKARE',	3515110),
(6,	'SEKARDANGAN',	3515110),
(7,	'GEBANG',	3515110),
(8,	'RANGKAHKIDUL',	3515110),
(9,	'BULUSIDOKARE',	3515110),
(10,	'PUCANGANOM',	3515110),
(11,	'PEKAUMAN',	3515110),
(12,	'SIDOKUMPUL',	3515110),
(13,	'SIDOKLUMPUK',	3515110),
(14,	'BLURU KIDUL',	3515110),
(15,	'KEMIRI',	3515110),
(16,	'PUCANG',	3515110),
(17,	'MAGERSARI',	3515110),
(18,	'JATI',	3515110),
(19,	'CEMENG KALANG',	3515110),
(20,	'CEMENG BAKALAN',	3515110),
(21,	'URANGAGUNG JEDONG',	3515110),
(22,	'SARI ROGO',	3515110),
(23,	'SIDOKERTO',	3515120),
(24,	'BUDURAN',	3515120),
(25,	'SIWALAN PANJI',	3515120),
(26,	'SIDOMULYO',	3515120),
(27,	'PRASUNG',	3515120),
(28,	'SAWOHAN',	3515120),
(29,	'DAMARSI',	3515120),
(30,	'DUKUHTENGAH',	3515120),
(31,	'BANJARSARI',	3515120),
(32,	'WADUNGASIH',	3515120),
(33,	'BANJARKEMANTREN',	3515120),
(34,	'SUKOREJO',	3515120),
(35,	'SIDOKEPUNG',	3515120),
(36,	'ENTALSEWU',	3515120),
(37,	'PAGERWOJO',	3515120),
(38,	'KRAMAT TEMENGGUNG',	3515010),
(39,	'MLIRIPROWO',	3515010),
(40,	'SEBANI',	3515010),
(41,	'KEDUNGBOCOK',	3515010),
(42,	'SINGOGALIH',	3515010),
(43,	'TARIK',	3515010),
(44,	'MERGOBENER',	3515010),
(45,	'MERGOSARI',	3515010),
(46,	'KENDALSEWU',	3515010),
(47,	'KLANTINGSARI',	3515010),
(48,	'KALIMATI',	3515010),
(49,	'GEMPOLKLUTUK',	3515010),
(50,	'BANJARWUNGU',	3515010),
(51,	'KEMUNING',	3515010),
(52,	'BALONGMACEKAN',	3515010),
(53,	'GAMPINGROWO',	3515010),
(54,	'MINDUGADING',	3515010),
(55,	'JANTI',	3515010),
(56,	'SEGODOBANCANG',	3515010),
(57,	'KEDINDING',	3515010),
(58,	'PRAMBON',	3515020),
(59,	'KAJARTENGGULI',	3515020),
(60,	'GEDANGROWO',	3515020),
(61,	'WIROBITING',	3515020),
(62,	'SIMPANG',	3515020),
(63,	'BULANG',	3515020),
(64,	'GAMPANG',	3515020),
(65,	'JATIKALANG',	3515020),
(66,	'PEJANGKUNGAN',	3515020),
(67,	'KEDUNGSUGO',	3515020),
(68,	'KEDUNGWONOKERTO',	3515020),
(69,	'BENDOTRETEK',	3515020),
(70,	'WONO PLINTAHAN',	3515020),
(71,	'KEDUNGKEMBAR',	3515020),
(72,	'JATI ALUN ALUN',	3515020),
(73,	'JEDONGCANGKRING',	3515020),
(74,	'CANGKRINGTURI',	3515020),
(75,	'SIMOGIRANG',	3515020),
(76,	'WATUTULIS',	3515020),
(77,	'TAMBAKREJO',	3515030),
(78,	'KEDUNGRAWAN',	3515030),
(79,	'TANJEG WAGIR',	3515030),
(80,	'MOJORUNTUT',	3515030),
(81,	'GADING',	3515030),
(82,	'WANGKAL',	3515030),
(83,	'JENGGOT',	3515030),
(84,	'WAUNG',	3515030),
(85,	'PLOSO',	3515030),
(86,	'REJENI',	3515030),
(87,	'KANDANGAN',	3515030),
(88,	'CANGKRING',	3515030),
(89,	'WONOMLATI',	3515030),
(90,	'BALONGGARUT',	3515030),
(91,	'KEBONAGUNG',	3515040),
(92,	'PORONG',	3515040),
(93,	'MINDI',	3515040),
(94,	'JATIREJO',	3515040),
(95,	'RENOKENONGO',	3515040),
(96,	'GLAGAH ARUM',	3515040),
(97,	'PLUMBON',	3515040),
(98,	'SIRING',	3515040),
(99,	'GEDANG',	3515040),
(100,	'JUWET KENONGO',	3515040),
(101,	'KEDUNGSOLO',	3515040),
(102,	'KEBAKALAN',	3515040),
(103,	'KESAMBI',	3515040),
(104,	'PAMOTAN',	3515040),
(105,	'CANDIPARI',	3515040),
(106,	'LAJUK',	3515040),
(107,	'KEDUNGBOTO',	3515040),
(108,	'PESAWAHAN',	3515040),
(109,	'PANGGREH',	3515050),
(110,	'TROMPOASRI',	3515050),
(111,	'KEDUNGREJO',	3515050),
(112,	'KEDUNGPANDAN',	3515050),
(113,	'SEMAMBUNG',	3515050),
(114,	'KUPANG',	3515050),
(115,	'TAMBAK KALISOGO',	3515050),
(116,	'BALONGTANI',	3515050),
(117,	'JEMIRAHAN',	3515050),
(118,	'DUKUHSARI',	3515050),
(119,	'KEDUNGCANGKRING',	3515050),
(120,	'PEJARAKAN',	3515050),
(121,	'BESUKI',	3515050),
(122,	'KEBOGUYANG',	3515050),
(123,	'PERMISAN',	3515050),
(124,	'RANDEGAN',	3515060),
(125,	'KEDENSARI',	3515060),
(126,	'KALISAMPURNO',	3515060),
(127,	'KETAPANG',	3515060),
(128,	'KEDUNGBENDO',	3515060),
(129,	'GEMPOLSARI',	3515060),
(130,	'PENATARSEWU',	3515060),
(131,	'BANJARASRI',	3515060),
(132,	'BANJARPANJI',	3515060),
(133,	'KEDUNGBANTENG',	3515060),
(134,	'KALIDAWIR',	3515060),
(135,	'PUTAT',	3515060),
(136,	'NGABAN',	3515060),
(137,	'KALITENGAH',	3515060),
(138,	'KLUDAN',	3515060),
(139,	'BORO',	3515060),
(140,	'KETEGAN',	3515060),
(141,	'GANGGANG PANJANG',	3515060),
(142,	'KARANGTANJUNG',	3515070),
(143,	'SUMORAME',	3515070),
(144,	'NGAMPELSARI',	3515070),
(145,	'BALONGGABUS',	3515070),
(146,	'BALONGDOWO',	3515070),
(147,	'KENDALPECABEAN',	3515070),
(148,	'KALIPECABEAN',	3515070),
(149,	'KLURAK',	3515070),
(150,	'KEBONSARI',	3515070),
(151,	'GELAM',	3515070),
(152,	'CANDI',	3515070),
(153,	'SUGIH WARAS',	3515070),
(154,	'KEDUNGKENDO',	3515070),
(155,	'DURUNGBANJAR',	3515070),
(156,	'JAMBANGAN',	3515070),
(157,	'SUMOKALI',	3515070),
(158,	'TENGGULUNAN',	3515070),
(159,	'BLIGO',	3515070),
(160,	'WEDORO KLURAK',	3515070),
(161,	'LARANGAN',	3515070),
(162,	'SEPANDE',	3515070),
(163,	'SIDODADI',	3515070),
(164,	'JANTI',	3515080),
(165,	'KEBARON',	3515080),
(166,	'KENONGO',	3515080),
(167,	'GELANG',	3515080),
(168,	'JIKEN',	3515080),
(169,	'PANGKEMIRI',	3515080),
(170,	'KEPATIHAN',	3515080),
(171,	'TULANGAN',	3515080),
(172,	'KEPADANGAN',	3515080),
(173,	'TLASIH',	3515080),
(174,	'KAJEKSAN',	3515080),
(175,	'SINGOPADU',	3515080),
(176,	'KEMANTREN',	3515080),
(177,	'MEDALEM',	3515080),
(178,	'SUDIMORO',	3515080),
(179,	'KEDONDONG',	3515080),
(180,	'GROGOL',	3515080),
(181,	'MODONG',	3515080),
(182,	'GRINTING',	3515080),
(183,	'KEPUH KEMIRI',	3515080),
(184,	'GRABAGAN',	3515080),
(185,	'SIMOKETAWANG',	3515090),
(186,	'POPOH',	3515090),
(187,	'JIMBARAN WETAN',	3515090),
(188,	'KETIMANG',	3515090),
(189,	'PILANG',	3515090),
(190,	'SUMBEREJO',	3515090),
(191,	'MOJORANGAGUNG',	3515090),
(192,	'WONOKASIAN',	3515090),
(193,	'PLOSO',	3515090),
(194,	'JIMBARAN KULON',	3515090),
(195,	'WONOAYU',	3515090),
(196,	'SEMAMBUNG',	3515090),
(197,	'SIMO ANGIN ANGIN',	3515090),
(198,	'TANGGUL',	3515090),
(199,	'WONOKALANG',	3515090),
(200,	'PAGERNGUMBUK',	3515090),
(201,	'PLAOSAN',	3515090),
(202,	'MULYODADI',	3515090),
(203,	'LAMBANGAN',	3515090),
(204,	'SAWOCANGKRING',	3515090),
(205,	'BECIRONGENGOR',	3515090),
(206,	'KARANGPURI',	3515090),
(207,	'CANDINEGORO',	3515090),
(208,	'WILAYUT',	3515100),
(209,	'KEBONAGUNG',	3515100),
(210,	'ANGGASWANGI',	3515100),
(211,	'JUMPUTREJO',	3515100),
(212,	'PEKARUNGAN',	3515100),
(213,	'PADEMONEGORO',	3515100),
(214,	'CANGKRINGSARI',	3515100),
(215,	'JOGOSATRU',	3515100),
(216,	'NGARESREJO',	3515100),
(217,	'SAMBUNGREJO',	3515100),
(218,	'PLUMBUNGAN',	3515100),
(219,	'SUKODONO',	3515100),
(220,	'KELOPOSEPULUH',	3515100),
(221,	'MASANGAN WETAN',	3515100),
(222,	'SUKO',	3515100),
(223,	'MASANGAN KULON',	3515100),
(224,	'PANJUNAN',	3515100),
(225,	'BANGSRI',	3515100),
(226,	'KWANGSAN',	3515130),
(227,	'BUNCITAN',	3515130),
(228,	'KALANGANYAR',	3515130),
(229,	'TAMBAK CEMANDI',	3515130),
(230,	'GISIK CEMANDI',	3515130),
(231,	'CEMANDI',	3515130),
(232,	'PULUNGAN',	3515130),
(233,	'BETRO',	3515130),
(234,	'SEDATI AGUNG',	3515130),
(235,	'SEDATI GEDE',	3515130),
(236,	'PABEAN',	3515130),
(237,	'SEMAMPIR',	3515130),
(238,	'PRANTI',	3515130),
(239,	'SEGORO TAMBAK',	3515130),
(240,	'BANJAR KEMUNING',	3515130),
(241,	'MEDAENG',	3515140),
(242,	'PEPELEGI',	3515140),
(243,	'WARU',	3515140),
(244,	'KUREKSARI',	3515140),
(245,	'NGINGAS',	3515140),
(246,	'TROPODO',	3515140),
(247,	'TAMBAK SAWAH',	3515140),
(248,	'TAMBAK REJO',	3515140),
(249,	'TAMBAK OSO',	3515140),
(250,	'TAMBAK SUMUR',	3515140),
(251,	'WADUNGASRI',	3515140),
(252,	'KEPUH KIRIMAN',	3515140),
(253,	'WEDORO',	3515140),
(254,	'JANTI',	3515140),
(255,	'KEDUNGREJO',	3515140),
(256,	'BUNGURASIH',	3515140),
(257,	'GANTING',	3515150),
(258,	'KARANGBONG',	3515150),
(259,	'KRAGAN',	3515150),
(260,	'SRUNI',	3515150),
(261,	'KEBOANANOM',	3515150),
(262,	'KEBOANSIKEP',	3515150),
(263,	'GEDANGAN',	3515150),
(264,	'KETAJEN',	3515150),
(265,	'WEDI',	3515150),
(266,	'SEMAMBUNG',	3515150),
(267,	'SAWOTRATAP',	3515150),
(268,	'BANGAH',	3515150),
(269,	'KRAMAT JEGU',	3515160),
(270,	'TROSOBO',	3515160),
(271,	'PERTAPAN MADURETNO',	3515160),
(272,	'TANJUNGSARI',	3515160),
(273,	'SIDODADI',	3515160),
(274,	'BRINGINBENDO',	3515160),
(275,	'SAMBI BULU',	3515160),
(276,	'GILANG',	3515160),
(277,	'KREMBANGAN',	3515160),
(278,	'TAWANGSARI',	3515160),
(279,	'JEMUNDO',	3515160),
(280,	'SADANG',	3515160),
(281,	'GELURAN',	3515160),
(282,	'BOHAR',	3515160),
(283,	'WAGE',	3515160),
(284,	'KEDUNGTURI',	3515160),
(285,	'TAMAN',	3515160),
(286,	'KALIJATEN',	3515160),
(287,	'NGELOM',	3515160),
(288,	'WONOCOLO',	3515160),
(289,	'KETEGAN',	3515160),
(290,	'BEBEKAN',	3515160),
(291,	'SEPANJANG',	3515160),
(292,	'TROPODO',	3515170),
(293,	'SEDENGAN MIJEN',	3515170),
(294,	'KATRUNGAN',	3515170),
(295,	'JERUK GAMPING',	3515170),
(296,	'GAMPING',	3515170),
(297,	'TERIK',	3515170),
(298,	'JUNWANGI',	3515170),
(299,	'TERUNG KULON',	3515170),
(300,	'TERUNG WETAN',	3515170),
(301,	'JATIKALANG',	3515170),
(302,	'KEBOHARAN',	3515170),
(303,	'PONOKAWAN',	3515170),
(304,	'KEMASAN',	3515170),
(305,	'SIDOMOJO',	3515170),
(306,	'TAMBAK KEMERAKAN',	3515170),
(307,	'KRIAN',	3515170),
(308,	'KRATON',	3515170),
(309,	'SIDOMULYO',	3515170),
(310,	'WATUGOLONG',	3515170),
(311,	'BARENGKRAJAN',	3515170),
(312,	'SIDOREJO',	3515170),
(313,	'SINGKALAN',	3515180),
(314,	'KEDUNG SUKODANI',	3515180),
(315,	'BAKUNG TEMENGGUNGAN',	3515180),
(316,	'SUMOKEMBANGSRI',	3515180),
(317,	'SEDURI',	3515180),
(318,	'WONOKUPANG',	3515180),
(319,	'WARUBERON',	3515180),
(320,	'BAKALAN WRINGINPITU',	3515180),
(321,	'GAGANG KEPUHSARI',	3515180),
(322,	'SUWALUH',	3515180),
(323,	'WATESARI',	3515180),
(324,	'SEKETI',	3515180),
(325,	'KEMANGSEN',	3515180),
(326,	'JABARAN',	3515180),
(327,	'BALONGBENDO',	3515180),
(328,	'JERUK LEGI',	3515180),
(329,	'PENAMBANGAN',	3515180),
(330,	'WONOKARANG',	3515180),
(331,	'BAKUNG PRINGGODANI',	3515180),
(332,	'BOGEM PINGGIR',	3515180),
(353,	'RUNGKUT KIDUL',	3578070),
(354,	'MEDOKAN AYU',	3578070),
(355,	'WONOREJO',	3578070),
(356,	'PENJARINGAN SARI',	3578070),
(357,	'KEDUNG BARUK',	3578070),
(358,	'KALI RUNGKUT',	3578070),
(359,	'NGIDEN JANGKUNGAN',	3578080),
(360,	'SEMOLOWARU',	3578080),
(361,	'MEDOKAN SEMAMPIR',	3578080),
(362,	'KEPUTIH',	3578080),
(363,	'GEBANG PUTIH',	3578080),
(364,	'KLAMPIS NGASEM',	3578080),
(365,	'MENUR PUMPUNGAN',	3578080),
(366,	'MANYAR SABRANGAN',	3578090),
(367,	'MULYOREJO',	3578090),
(368,	'KEJAWEN PUTIH TAMBAK',	3578090),
(369,	'KALISARI',	3578090),
(370,	'DUKUH SUTOREJO',	3578090),
(371,	'KALIJUDAN',	3578090),
(372,	'BARATAJAYA',	3578100),
(373,	'WARUGUNUNG',	3578010),
(374,	'KARANG PILANG',	3578010),
(375,	'KEBRAON',	3578010),
(376,	'PAGESANGAN',	3578020),
(377,	'KEBONSARI',	3578020),
(378,	'JAMBANGAN',	3578020),
(379,	'KARAH',	3578020),
(380,	'DUKUH MENANGGAL',	3578030),
(381,	'MENANGGAL',	3578030),
(382,	'GAYUNGAN',	3578030),
(383,	'KETINTANG',	3578030),
(384,	'SIWALANKERTO',	3578040),
(385,	'JEMUR WONOSARI',	3578040),
(386,	'MARGOREJO',	3578040),
(387,	'BENDUL MERISI',	3578040),
(388,	'SIDOSERMO',	3578040),
(389,	'KUTISARI',	3578050),
(390,	'KENDANGSARI',	3578050),
(391,	'TENGGILIS MEJOYO',	3578050),
(392,	'PANJANG JIWO',	3578050),
(393,	'RUNGKUT MENANGGAL',	3578060),
(394,	'RUNGKUT TENGAH',	3578060),
(395,	'GUNUNG ANYAR',	3578060),
(396,	'GUNUNG ANYAR TAMBAK',	3578060),
(397,	'PUCANG SEWU',	3578100),
(398,	'KERTAJAYA',	3578100),
(399,	'AIRLANGGA',	3578100),
(400,	'MOJO',	3578100),
(401,	'SAWUNGGALING',	3578110),
(402,	'WONOKROMO',	3578110),
(403,	'JAGIR',	3578110),
(404,	'NGAGELREJO',	3578110),
(405,	'NGAGEL',	3578110),
(406,	'DARMO',	3578110),
(407,	'GUNUNGSARI',	3578120),
(408,	'DUKUH PAKIS',	3578120),
(409,	'PRADAHKALI KENDAL',	3578120),
(410,	'DUKUH KUPANG',	3578120),
(411,	'BALAS KLUMPRIK',	3578130),
(412,	'BABATAN',	3578130),
(413,	'WIYUNG',	3578130),
(414,	'JAJAR TUNGGAL',	3578130),
(415,	'BANGKINGAN',	3578140),
(416,	'LIDAH WETAN',	3578140),
(417,	'LIDAH KULON',	3578140),
(418,	'LAKARSANTRI',	3578140),
(419,	'MADE',	3578141),
(420,	'BRINGIN',	3578141),
(421,	'SAMBIKEREP',	3578141),
(422,	'LONTAR',	3578141),
(423,	'KARANGPOH',	3578150),
(424,	'BALONGSARI',	3578150),
(425,	'MANUKAN WETAN',	3578150),
(426,	'MANUKAN KULON',	3578150),
(427,	'BANJAR SUGIHAN',	3578150),
(428,	'TANDES',	3578150),
(429,	'PUTAT GEDE',	3578160),
(430,	'SONO KWIJENAN',	3578160),
(431,	'SIMOMULYO',	3578160),
(432,	'SUKO MANUNGGAL',	3578160),
(433,	'TANJUNGSARI',	3578160),
(434,	'SIMOMULYO BARU',	3578160),
(435,	'PAKIS',	3578170),
(436,	'PUTAT JAYA',	3578170),
(437,	'BANYU URIP',	3578170),
(438,	'KUPANG KRAJAN',	3578170),
(439,	'PETEMON',	3578170),
(440,	'SAWAHAN',	3578170),
(441,	'KEPUTRAN',	3578180),
(442,	'DR. SUTOMO',	3578180),
(443,	'TEGALSARI',	3578180),
(444,	'WONOREJO',	3578180),
(445,	'KEDUNGDORO',	3578180),
(446,	'EMBONG KALIASIN',	3578190),
(447,	'KETABANG',	3578190),
(448,	'KAPASARI',	3578190),
(449,	'PACAR KELING',	3578200),
(450,	'PACAR KEMBANG',	3578200),
(451,	'PLOSO',	3578200),
(452,	'TAMBAKSARI',	3578200),
(453,	'RANGKAH',	3578200),
(454,	'GADING',	3578200),
(455,	'KAPASMADYA BARU',	3578200),
(456,	'DUKUH SETRO',	3578200),
(457,	'TANAH KALI KEDINDING',	3578210),
(458,	'SIDOTOPO WETAN',	3578210),
(459,	'BULAK BANTENG',	3578210),
(460,	'TAMBAK WEDI',	3578210),
(461,	'KENJERAN',	3578211),
(462,	'BULAK',	3578211),
(463,	'KEDUNG COWEK',	3578211),
(464,	'SUKOLILO BARU',	3578211),
(465,	'KAPASAN',	3578220),
(466,	'TAMBAKREJO',	3578220),
(467,	'SIMOKERTO',	3578220),
(468,	'SIDODADI',	3578220),
(469,	'SIMOLAWANG',	3578220),
(470,	'AMPEL',	3578230),
(471,	'SIDOTOPO',	3578230),
(472,	'PEGIRIAN',	3578230),
(473,	'WONOKUSUMO',	3578230),
(474,	'BONGKARAN',	3578240),
(475,	'NYAMPLUNGAN',	3578240),
(476,	'KREMBANGAN UTARA',	3578240),
(477,	'PERAK TIMUR',	3578240),
(478,	'PERAK UTARA',	3578240),
(479,	'TEMBOK DUKUH',	3578250),
(480,	'BUBUTAN',	3578250),
(481,	'ALON-ALON CONTONG',	3578250),
(482,	'GUNDIH',	3578250),
(483,	'JEPARA',	3578250),
(484,	'DUPAK',	3578260),
(485,	'MOROKREMBANGAN',	3578260),
(486,	'PERAK BARAT',	3578260),
(487,	'KEMAYORAN',	3578260),
(488,	'KREMBANGAN SELATAN',	3578260),
(489,	'ASEMROWO',	3578270),
(490,	'GENTING KALIANAK',	3578270),
(491,	'TAMBAK SARIOSO',	3578270),
(492,	'SEMEMI',	3578280),
(493,	'KANDANGAN',	3578280),
(494,	'TAMBAK OSO WILANGON',	3578280),
(495,	'ROMOKALISARI',	3578280),
(496,	'BABAT JERAWAT',	3578281),
(497,	'PAKAL',	3578281),
(498,	'BENOWO',	3578281),
(499,	'SUMBERREJO',	3578281),
(920,	'KEDUNGANYAR',	3525010),
(921,	'SUMBERAME',	3525010),
(922,	'WRINGINANOM',	3525010),
(923,	'LEBANISUKO',	3525010),
(924,	'LEBANIWARAS',	3525010),
(925,	'SUMENGKO',	3525010),
(926,	'PASINAN LEMAHPUTIH',	3525010),
(927,	'WATESTANJUNG',	3525010),
(928,	'PEDAGANGAN',	3525010),
(929,	'SUMBERWARU',	3525010),
(930,	'KEPUHKLAGEN',	3525010),
(931,	'MONDOLUKU',	3525010),
(932,	'KESAMBENKULON',	3525010),
(933,	'SOKO',	3525010),
(934,	'KRIKILAN',	3525020),
(935,	'DRIYOREJO',	3525020),
(936,	'CANGKIR',	3525020),
(937,	'BAMBE',	3525020),
(938,	'TENARU',	3525020),
(939,	'PETIKEN',	3525020),
(940,	'KESAMBENWETAN',	3525020),
(941,	'TANJUNGAN',	3525020),
(942,	'BANJARAN',	3525020),
(943,	'KARANGANDONG',	3525020),
(944,	'MOJOSARIREJO',	3525020),
(945,	'WEDOROANOM',	3525020),
(946,	'RANDEGANSARI',	3525020),
(947,	'GADUNG',	3525020),
(948,	'MOJOWUKU',	3525030),
(949,	'SIDORAHARJO',	3525030),
(950,	'SLEMPIT',	3525030),
(951,	'BELAHANREJO',	3525030),
(952,	'MENUNGGAL',	3525030),
(953,	'BANYUURIP',	3525030),
(954,	'KEDAMEAN',	3525030),
(955,	'TANJUNG',	3525030),
(956,	'KATIMOHO',	3525030),
(957,	'TURIREJO',	3525030),
(958,	'GLINDAH',	3525030),
(959,	'LAMPAH',	3525030),
(960,	'PRANTI',	3525040),
(961,	'BRINGKANG',	3525040),
(962,	'MOJOTENGAH',	3525040),
(963,	'MENGANTI',	3525040),
(964,	'HULAAN',	3525040),
(965,	'SIDOWUNGU',	3525040),
(966,	'SETRO',	3525040),
(967,	'LABAN',	3525040),
(968,	'PENGALANGAN',	3525040),
(969,	'RANDUPADANGAN',	3525040),
(970,	'DRANCANG',	3525040),
(971,	'PELEMWATU',	3525040),
(972,	'SIDOJANGKUNG',	3525040),
(973,	'DOMAS',	3525040),
(974,	'GADINGWATU',	3525040),
(975,	'BETON',	3525040),
(976,	'PUTAT LOR',	3525040),
(977,	'BOTENG',	3525040),
(978,	'BOBOH',	3525040),
(979,	'GEMPOLKURUNG',	3525040),
(980,	'KEPATIHAN',	3525040),
(981,	'HENDROSARI',	3525040),
(982,	'DADAPKUNING',	3525050),
(983,	'SUKOANYAR',	3525050),
(984,	'MOROWUDI',	3525050),
(985,	'GURANGANYAR',	3525050),
(986,	'DAMPAAN',	3525050),
(987,	'DOORO',	3525050),
(988,	'LENGKONG',	3525050),
(989,	'KANDANGAN',	3525050),
(990,	'NGABETAN',	3525050),
(991,	'BETITING',	3525050),
(992,	'IKERIKERGEGER',	3525050),
(993,	'CERME KIDUL',	3525050),
(994,	'PANDU',	3525050),
(995,	'JONO',	3525050),
(996,	'TAMBAKBERAS',	3525050),
(997,	'CERME LOR',	3525050),
(998,	'CAGAKAGUNG',	3525050),
(999,	'SEMAMPIR',	3525050),
(1000,	'KAMBINGAN',	3525050),
(1001,	'WEDANI',	3525050),
(1002,	'GEDANGKULUT',	3525050),
(1003,	'PADEG',	3525050),
(1004,	'BANJARSARI',	3525050),
(1005,	'LUNDO',	3525060),
(1006,	'BALONGTUNJUNG',	3525060),
(1007,	'BALONGMOJO',	3525060),
(1008,	'BULANGKULON',	3525060),
(1009,	'SEDAPURKLAGEN',	3525060),
(1010,	'DELIKSUMBER',	3525060),
(1011,	'MUNGGUGIANTI',	3525060),
(1012,	'BENGKELOLOR',	3525060),
(1013,	'GLURANPLOSO',	3525060),
(1014,	'BULUREJO',	3525060),
(1015,	'DERMO',	3525060),
(1016,	'KEDUNGSEKAR',	3525060),
(1017,	'KLAMPOK',	3525060),
(1018,	'SIRNOBOYO',	3525060),
(1019,	'KALIPADANG',	3525060),
(1020,	'KARANGANKIDUL',	3525060),
(1021,	'MUNGGUGEBANG',	3525060),
(1022,	'BANTER',	3525060),
(1023,	'METATU',	3525060),
(1024,	'JOGODALU',	3525060),
(1025,	'PUNDUTTRATE',	3525060),
(1026,	'JATIREMBE',	3525060),
(1027,	'JOMBANGDELIK',	3525070),
(1028,	'BRANGKAL',	3525070),
(1029,	'NGAMPEL',	3525070),
(1030,	'TANAHLANDEAN',	3525070),
(1031,	'DAPET',	3525070),
(1032,	'WONOREJO',	3525070),
(1033,	'SEKARPUTIH',	3525070),
(1034,	'WOTANSARI',	3525070),
(1035,	'BANJARAGUNG',	3525070),
(1036,	'KARANGSEMANDING',	3525070),
(1037,	'WAHAS',	3525070),
(1038,	'BANDUNGSEKARAN',	3525070),
(1039,	'MOJOGEDE',	3525070),
(1040,	'KEDUNGPRING',	3525070),
(1041,	'BALONGPANGGANG',	3525070),
(1042,	'BABATAN',	3525070),
(1043,	'PACUH',	3525070),
(1044,	'TENGGOR',	3525070),
(1045,	'DOHOAGUNG',	3525070),
(1046,	'PINGGIR',	3525070),
(1047,	'KLOTOK',	3525070),
(1048,	'GANGGANG',	3525070),
(1049,	'NGASIN',	3525070),
(1050,	'KANDANGAN',	3525080),
(1051,	'TUMAPEL',	3525080),
(1052,	'PANJUNAN',	3525080),
(1053,	'TAMBAKREJO',	3525080),
(1054,	'SETROHADI',	3525080),
(1055,	'SUMENGKO',	3525080),
(1056,	'SUMARI',	3525080),
(1057,	'TIREM',	3525080),
(1058,	'AMBENG AMBENG WATANGREJO',	3525080),
(1059,	'TEBALOAN',	3525080),
(1060,	'SAMIRPLAPAN',	3525080),
(1061,	'DUDUKSAMPEYAN',	3525080),
(1062,	'PETISBENEM',	3525080),
(1063,	'PALEBON',	3525080),
(1064,	'GLANGGANG',	3525080),
(1065,	'PANDANAN',	3525080),
(1066,	'BENDUNGAN',	3525080),
(1067,	'WADAK LOR',	3525080),
(1068,	'WADAK KIDUL',	3525080),
(1069,	'KAWISTOWINDU',	3525080),
(1070,	'KEMUDI',	3525080),
(1071,	'KRAMAT',	3525080),
(1072,	'KEDANYANG',	3525090),
(1073,	'PRAMBANGAN',	3525090),
(1074,	'GULOMANTUNG',	3525090),
(1075,	'SUKOREJO',	3525090),
(1076,	'SEGOROMADU',	3525090),
(1077,	'TENGGULUNAN',	3525090),
(1078,	'KARANGKERING',	3525090),
(1079,	'INDRO',	3525090),
(1080,	'SINGOSARI',	3525090),
(1081,	'SIDOMORO',	3525090),
(1082,	'GENDING',	3525090),
(1083,	'NGARGOSARI',	3525090),
(1084,	'KAWISANYAR',	3525090),
(1085,	'SIDOMUKTI',	3525090),
(1086,	'GIRI',	3525090),
(1087,	'KLANGONAN',	3525090),
(1088,	'SEKARKURUNG',	3525090),
(1089,	'KEMBANGAN',	3525090),
(1090,	'DAHANREJO',	3525090),
(1091,	'RANDUAGUNG',	3525090),
(1092,	'KEBOMAS',	3525090),
(1093,	'NGIPIK',	3525100),
(1094,	'TLOGOPATUT',	3525100),
(1095,	'SIDOKUMPUL',	3525100),
(1096,	'KRAMATINGGIL',	3525100),
(1097,	'SIDORUKUN',	3525100),
(1098,	'PULOPANCIKAN',	3525100),
(1099,	'GAPUROSUKOLILO',	3525100),
(1100,	'TLOGOBENDUNG',	3525100),
(1101,	'PEKAUMAN',	3525100),
(1102,	'SUKORAME',	3525100),
(1103,	'KARANGTURI',	3525100),
(1104,	'TRATE',	3525100),
(1105,	'KARANGPOH',	3525100),
(1106,	'BEDILAN',	3525100),
(1107,	'KEBUNGSON',	3525100),
(1108,	'PEKELINGAN',	3525100),
(1109,	'KEMUTERAN',	3525100),
(1110,	'SUKODONO',	3525100),
(1111,	'KROMAN',	3525100),
(1112,	'TLOGOPOJOK',	3525100),
(1113,	'TEBALO',	3525110),
(1114,	'SUCI',	3525110),
(1115,	'YOSOWILANGUN',	3525110),
(1116,	'ROOMO',	3525110),
(1117,	'SUKOMULYO',	3525110),
(1118,	'PONGANGAN',	3525110),
(1119,	'PEGANDEN',	3525110),
(1120,	'BANJARSARI',	3525110),
(1121,	'LERAN',	3525110),
(1122,	'MANYAREJO',	3525110),
(1123,	'MANYARSIDOMUKTI',	3525110),
(1124,	'MANYARSIDORUKUN',	3525110),
(1125,	'BANYUWANGI',	3525110),
(1126,	'KARANGREJO',	3525110),
(1127,	'SEMBAYAT',	3525110),
(1128,	'BETOYOGUCI',	3525110),
(1129,	'BETOYOKAUMAN',	3525110),
(1130,	'SUMBEREJO',	3525110),
(1131,	'TANGGULREJO',	3525110),
(1132,	'GUMENO',	3525110),
(1133,	'NGAMPEL',	3525110),
(1134,	'PEJANGGANAN',	3525110),
(1135,	'BEDANTEN',	3525120),
(1136,	'WATUAGUNG',	3525120),
(1137,	'KRAMAT',	3525120),
(1138,	'TAJUNG WIDORO',	3525120),
(1139,	'SUNGONLEGOWO',	3525120),
(1140,	'INDRODELIK',	3525120),
(1141,	'KISIK',	3525120),
(1142,	'ABAR-ABIR',	3525120),
(1143,	'SIDOKUMPUL',	3525120),
(1144,	'RACIWETAN',	3525120),
(1145,	'PEGUNDAN',	3525120),
(1146,	'KEMANGI',	3525120),
(1147,	'SUKOREJO',	3525130),
(1148,	'LASEM',	3525130),
(1149,	'KERTOSONO',	3525130),
(1150,	'RACIKULON',	3525130),
(1151,	'RACITENGAH',	3525130),
(1152,	'NGAWEN',	3525130),
(1153,	'RANDUBOTO',	3525130),
(1154,	'MOJOASEM',	3525130),
(1155,	'ASEMPAPAK',	3525130),
(1156,	'MRIYUNAN',	3525130),
(1157,	'SIDOMULYO',	3525130),
(1158,	'PURWODADI',	3525130),
(1159,	'BUNDERAN',	3525130),
(1160,	'KAUMAN',	3525130),
(1161,	'SEDAGARAN',	3525130),
(1162,	'SROWO',	3525130),
(1163,	'GOLOKAN',	3525130),
(1164,	'SAMBIPONDOK',	3525130),
(1165,	'WADENG',	3525130),
(1166,	'GEDANGAN',	3525130),
(1167,	'SAWO',	3525140),
(1168,	'KARANGCANGKRING',	3525140),
(1169,	'GEDONGKEDOAN',	3525140),
(1170,	'BULANGAN',	3525140),
(1171,	'WONOKERTO',	3525140),
(1172,	'BANGERAN',	3525140),
(1173,	'TIREMENGGAL',	3525140),
(1174,	'LOWAYU',	3525140),
(1175,	'PETIYIN TUNGGAL',	3525140),
(1176,	'DUKUH KEMBAR',	3525140),
(1177,	'MADUMULYOREJO',	3525140),
(1178,	'MENTARAS',	3525140),
(1179,	'MOJOPETUNG',	3525140),
(1180,	'BARON',	3525140),
(1181,	'IMA AN',	3525140),
(1182,	'SEKARGADUNG',	3525140),
(1183,	'BABAKBAWO',	3525140),
(1184,	'BABAKSARI',	3525140),
(1185,	'SAMBOGUNUNG',	3525140),
(1186,	'KALIREJO',	3525140),
(1187,	'SEMBUNGAN KIDUL',	3525140),
(1188,	'SEMBUNG ANYAR',	3525140),
(1189,	'DUKUNANYAR',	3525140),
(1190,	'PADANG BANDUNG',	3525140),
(1191,	'SERAH',	3525150),
(1192,	'SUKODONO',	3525150),
(1193,	'WOTAN',	3525150),
(1194,	'DOUDO',	3525150),
(1195,	'SUROWITI',	3525150),
(1196,	'SIWALAN',	3525150),
(1197,	'KETANEN',	3525150),
(1198,	'PANTENAN',	3525150),
(1199,	'DALEGAN',	3525150),
(1200,	'CAMPUREJO',	3525150),
(1201,	'BANYUTENGAH',	3525150),
(1202,	'SEKAPUK',	3525160),
(1203,	'BOLO',	3525160),
(1204,	'GLATIK',	3525160),
(1205,	'TANJANGAWAN',	3525160),
(1206,	'KETAPANG LOR',	3525160),
(1207,	'KARANGREJO',	3525160),
(1208,	'KEBONAGUNG',	3525160),
(1209,	'GOSARI',	3525160),
(1210,	'CANGAAN',	3525160),
(1211,	'NGEMBOH',	3525160),
(1212,	'BANYUURIP',	3525160),
(1213,	'PANGKAH KULON',	3525160),
(1214,	'PANGKAH WETAN',	3525160),
(1215,	'KUMALASA',	3525170),
(1216,	'LEBAK',	3525170),
(1217,	'BULULANJANG',	3525170),
(1218,	'SUNGAI TELUK',	3525170),
(1219,	'KOTAKUSUMA',	3525170),
(1220,	'SAWAHMULYA',	3525170),
(1221,	'SUNGAIRUJING',	3525170),
(1222,	'DAUN',	3525170),
(1223,	'SIDOGEDUNGBATU',	3525170),
(1224,	'KEBONTELUKDALAM',	3525170),
(1225,	'BALIKTERUS',	3525170),
(1226,	'PATARSELAMAT',	3525170),
(1227,	'PUDAKITTIMUR',	3525170),
(1228,	'PUDAKITBARAT',	3525170),
(1229,	'SUWARI',	3525170),
(1230,	'DEKATAGUNG',	3525170),
(1231,	'TELUK JATIDAWANG',	3525180),
(1232,	'GELAM',	3525180),
(1233,	'SUKAONENG',	3525180),
(1234,	'KELOMPANGGUBUG',	3525180),
(1235,	'SUKALELA',	3525180),
(1236,	'PEKALONGAN',	3525180),
(1237,	'TAMBAK',	3525180),
(1238,	'TANJUNGORI',	3525180),
(1239,	'PAROMAAN',	3525180),
(1240,	'DIPONGGO',	3525180),
(1241,	'KEPUH LEGUNDI',	3525180),
(1242,	'MOROBAKUNG',	3525110),
(1243,	'SIDOMUKTI',	3525120),
(1244,	'MOJOPUROGEDE',	3525120),
(1245,	'MOJOPURO WETAN',	3525120),
(1246,	'MELIRANG',	3525120),
(1247,	'SIDOREJO',	3525120),
(1248,	'MASANGAN',	3525120),
(1249,	'SUKOWATI',	3525120),
(1250,	'BUNGAH',	3525120),
(1251,	'SUKOREJO',	3525120),
(1252,	'TAJUNGAN',	3526010),
(1253,	'GILI BARAT',	3526010),
(1254,	'BANYU AJUH',	3526010),
(1255,	'KAMAL',	3526010),
(1256,	'TANJUNG JATI',	3526010),
(1257,	'GILI TIMUR',	3526010),
(1258,	'GILI ANYAR',	3526010),
(1259,	'TELLANG',	3526010),
(1260,	'PENDABAH',	3526010),
(1261,	'PANGPONG',	3526020),
(1262,	'SUKOLILO BARAT',	3526020),
(1263,	'SUKOLILO TIMUR',	3526020),
(1264,	'BUNAJIH',	3526020),
(1265,	'BRINGIN',	3526020),
(1266,	'BA\'ENGAS',	3526020),
(1267,	'MORKEPEK',	3526020),
(1268,	'LABANG',	3526020),
(1269,	'JUKONG',	3526020),
(1270,	'SENDANG LAOK',	3526020),
(1271,	'SENDANG DAJAH',	3526020),
(1272,	'PETAPAN',	3526020),
(1273,	'KWANYAR BARAT',	3526030),
(1274,	'PASANGGRAHAN',	3526030),
(1275,	'KARANGANYAR',	3526030),
(1276,	'BATAH BARAT',	3526030),
(1277,	'BATAH TIMUR',	3526030),
(1278,	'PANDANAN',	3526030),
(1279,	'KARANG ENTANG',	3526030),
(1280,	'JANTEH',	3526030),
(1281,	'KETETANG',	3526030),
(1282,	'MOROMBUH',	3526030),
(1283,	'SUMUR KUNING',	3526030),
(1284,	'PAORAN',	3526030),
(1285,	'PANGPAJUNG',	3526040),
(1286,	'PATEREMAN',	3526040),
(1287,	'KOLLA',	3526040),
(1288,	'PAENG',	3526040),
(1289,	'NEROH',	3526040),
(1290,	'SERABI TIMUR',	3526040),
(1291,	'SERABI BARAT',	3526040),
(1292,	'PATENGTENG',	3526040),
(1293,	'LANGPANGGANG',	3526040),
(1294,	'SUWAAN',	3526040),
(1295,	'MODUNG',	3526040),
(1296,	'BRAKAS DAJAH',	3526040),
(1297,	'KARANGANYAR',	3526040),
(1298,	'MANGGAAN',	3526040),
(1299,	'GLISGIS',	3526040),
(1300,	'PAKONG',	3526040),
(1301,	'ALASKOKON',	3526040),
(1302,	'GIGIR',	3526050),
(1303,	'KO\'OLAN',	3526050),
(1304,	'PANGERAN GEDUNGAN',	3526050),
(1305,	'PANJALINAN',	3526050),
(1306,	'ROSEP',	3526050),
(1307,	'KAMPAO',	3526050),
(1308,	'LOMBANG LAOK',	3526050),
(1309,	'LOMBANG DAYA',	3526050),
(1310,	'KARPOTE',	3526050),
(1311,	'BLEGAOLOH',	3526050),
(1312,	'KARANG GAYAM',	3526050),
(1313,	'LOMAER',	3526050),
(1314,	'BATES',	3526050),
(1315,	'KARANG PANASAN',	3526050),
(1316,	'KARANGNANGKA',	3526050),
(1317,	'BLEGA',	3526050),
(1318,	'NYOR MANIS',	3526050),
(1319,	'ALASRAJA',	3526050),
(1320,	'KAJAN',	3526050),
(1321,	'GALIS DAJAH',	3526060),
(1322,	'DURIN BARAT',	3526060),
(1323,	'KANEGARAH',	3526060),
(1324,	'BATOKABAN',	3526060),
(1325,	'DURIN TIMUR',	3526060),
(1326,	'PAKES',	3526060),
(1327,	'BANDUNG',	3526060),
(1328,	'KONANG',	3526060),
(1329,	'SENASEN',	3526060),
(1330,	'CAMPOR',	3526060),
(1331,	'SAMBIYAN',	3526060),
(1332,	'CANGKARMAN',	3526060),
(1333,	'PEKADAN',	3526070),
(1334,	'KAJUANAK',	3526070),
(1335,	'PATERONGAN',	3526070),
(1336,	'GALIS',	3526070),
(1337,	'PAKA\'AN LAOK',	3526070),
(1338,	'KRANGGAN TIMUR',	3526070),
(1339,	'SEPARAH',	3526070),
(1340,	'PAKA\'AN DAYA',	3526070),
(1341,	'LONGKEK',	3526070),
(1342,	'BANYUBUNIH',	3526070),
(1343,	'DALEMAN',	3526070),
(1344,	'TELLOK',	3526070),
(1345,	'BLATERAN',	3526070),
(1346,	'TLAGAH',	3526070),
(1347,	'LANTEK TIMUR',	3526070),
(1348,	'LANTEK BARAT',	3526070),
(1349,	'BANJAR',	3526070),
(1350,	'BANGPENDAH',	3526070),
(1351,	'SADAH',	3526070),
(1352,	'SORPA',	3526070),
(1353,	'PACENTAN',	3526080),
(1354,	'BAIPAJUNG',	3526080),
(1355,	'TANAH MERAH LAOK',	3526080),
(1356,	'KRANGGAN BARAT',	3526080),
(1357,	'PANGELEYAN',	3526080),
(1358,	'PADURUNGAN',	3526080),
(1359,	'PETRAH',	3526080),
(1360,	'TANAH MERAH DAJAH',	3526080),
(1361,	'DUMAJAH',	3526080),
(1362,	'PATEMON',	3526080),
(1363,	'TLOMAR',	3526080),
(1364,	'KENDABAN',	3526080),
(1365,	'JANGKAR',	3526080),
(1366,	'PETTONG',	3526080),
(1367,	'LANDAK',	3526080),
(1368,	'RONGDURIN',	3526080),
(1369,	'BATANGAN',	3526080),
(1370,	'DLAMBAH DAJAH',	3526080),
(1371,	'DLAMBA LAOK',	3526080),
(1372,	'MRECAH',	3526080),
(1373,	'BUDDAN',	3526080),
(1374,	'POTER',	3526080),
(1375,	'BASANAH',	3526080),
(1376,	'ALANG ALANG',	3526090),
(1377,	'KEMONENG',	3526090),
(1378,	'SOKET LAOK',	3526090),
(1379,	'BAJEMAN',	3526090),
(1380,	'TAMBIN',	3526090),
(1381,	'SOKET DAYA',	3526090),
(1382,	'JAAH',	3526090),
(1383,	'BANCANG',	3526090),
(1384,	'MASARAN',	3526090),
(1385,	'PACANGAN',	3526090),
(1386,	'POCONG',	3526090),
(1387,	'TRAGAH',	3526090),
(1388,	'KARANG LEMAN',	3526090),
(1389,	'DUKOTAMBIN',	3526090),
(1390,	'JADDUNG',	3526090),
(1391,	'BANYU BESE',	3526090),
(1392,	'PAMORAH',	3526090),
(1393,	'JUNGANYAR',	3526100),
(1394,	'SOCAH',	3526100),
(1395,	'JADDIH',	3526100),
(1396,	'SANGGRA AGUNG',	3526100),
(1397,	'PARSEH',	3526100),
(1398,	'BILAPORAH',	3526100),
(1399,	'KELEYAN',	3526100),
(1400,	'PETAONAN',	3526100),
(1401,	'DAKIRING',	3526100),
(1402,	'PERNAJUH',	3526100),
(1403,	'UJUNG PIRING',	3526110),
(1404,	'SEMBILANGAN',	3526110),
(1405,	'KRAMAT',	3526110),
(1406,	'MERTAJASAH',	3526110),
(1407,	'MLAJAH',	3526110),
(1408,	'KEMAYORAN',	3526110),
(1409,	'PANGERANAN',	3526110),
(1410,	'DEMANGAN',	3526110),
(1411,	'KRATON',	3526110),
(1412,	'PEJAGAN',	3526110),
(1413,	'BANCARAN',	3526110),
(1414,	'SABIYAN',	3526110),
(1415,	'GEBANG',	3526110),
(1416,	'JAMBU',	3526120),
(1417,	'LANGKAP',	3526120),
(1418,	'BENANGKAH',	3526120),
(1419,	'ALAS KEMBANG',	3526120),
(1420,	'BINOH',	3526120),
(1421,	'PANGOLANGAN',	3526120),
(1422,	'SOBIH',	3526120),
(1423,	'TONJUNG',	3526120),
(1424,	'KAPOR',	3526120),
(1425,	'AROK',	3526120),
(1426,	'PANDAN LANJANG',	3526130),
(1427,	'BATONAONG',	3526130),
(1428,	'GLAGGA',	3526130),
(1429,	'OMBUL',	3526130),
(1430,	'BALUNG',	3526130),
(1431,	'LAJING',	3526130),
(1432,	'AROSBAYA',	3526130),
(1433,	'KARANG DUWAK',	3526130),
(1434,	'MANGKON',	3526130),
(1435,	'CENDAGAH',	3526130),
(1436,	'KARANG PAO',	3526130),
(1437,	'MAKAM AGUNG',	3526130),
(1438,	'PLAKARAN',	3526130),
(1439,	'BUDURAN',	3526130),
(1440,	'TAMBEGAN',	3526130),
(1441,	'TOGUBANG',	3526140),
(1442,	'LERPAK',	3526140),
(1443,	'BATOBELLA',	3526140),
(1444,	'TEGERPRIYAH',	3526140),
(1445,	'CAMPOR',	3526140),
(1446,	'KOMPOL',	3526140),
(1447,	'KAMPAK',	3526140),
(1448,	'KOMBANGAN',	3526140),
(1449,	'DABUNG',	3526140),
(1450,	'KATOL BARAT',	3526140),
(1451,	'BANYONENG LAOK',	3526140),
(1452,	'BANYONENG DAJAH',	3526140),
(1453,	'AMPARAAN',	3526150),
(1454,	'KOKOP',	3526150),
(1455,	'TLOKOH',	3526150),
(1456,	'DURJAN',	3526150),
(1457,	'MANO\'AN',	3526150),
(1458,	'MANDUNG',	3526150),
(1459,	'BANDANG LAOK',	3526150),
(1460,	'TRAMOK',	3526150),
(1461,	'KATOL TIMUR',	3526150),
(1462,	'BANDA SOLEH',	3526150),
(1463,	'DUPOK',	3526150),
(1464,	'BATOKOROGAN',	3526150),
(1465,	'PLANGGIRAN',	3526160),
(1466,	'TAGUNGGUH',	3526160),
(1467,	'BANDANG DAYA',	3526160),
(1468,	'LARANGAN TIMUR',	3526160),
(1469,	'TAMBAK POCOK',	3526160),
(1470,	'BUMI ANYAR',	3526160),
(1471,	'PASESEH',	3526160),
(1472,	'TELAGA BIRU',	3526160),
(1473,	'TANJUNG BUMI',	3526160),
(1474,	'MACAJAH',	3526160),
(1475,	'TLANGOH',	3526160),
(1476,	'BANYU SANGKAH',	3526160),
(1477,	'AENGTABAR',	3526160),
(1478,	'KLAPAYAN',	3526170),
(1479,	'BANGSEREH',	3526170),
(1480,	'SAPLASAH',	3526170),
(1481,	'GUNELAP',	3526170),
(1482,	'TANAGURA TIMUR',	3526170),
(1483,	'TANAGURA BARAT',	3526170),
(1484,	'BANYIOR',	3526170),
(1485,	'KLABETAN',	3526170),
(1486,	'GANGSEYAN',	3526170),
(1487,	'MANERON',	3526170),
(1488,	'PRANCAK',	3526170),
(1489,	'LABUHAN',	3526170),
(1490,	'LEMBUNG PASESER',	3526170),
(1491,	'TOLBUK',	3526180),
(1492,	'RA\'AS',	3526180),
(1493,	'MUARAH',	3526180),
(1494,	'POLONGAN',	3526180),
(1495,	'KARANG ASEM',	3526180),
(1496,	'BANTEAN',	3526180),
(1497,	'BRAGANG',	3526180),
(1498,	'LERGUNONG',	3526180),
(1499,	'PANYAKSAGAN',	3526180),
(1500,	'LARANGAN GLINTONG',	3526180),
(1501,	'MANONGGAL',	3526180),
(1502,	'LARANGAN SORJAN',	3526180),
(1503,	'TENGGUN DAYA',	3526180),
(1504,	'TROGAN',	3526180),
(1505,	'KO\'OL',	3526180),
(1506,	'TOBADDUNG',	3526180),
(1507,	'MRANDUNG',	3526180),
(1508,	'BULUK AGUNG',	3526180),
(1509,	'BATOR',	3526180),
(1510,	'KLAMPIS BARAT',	3526180),
(1511,	'KLAMPIS TIMUR',	3526180);

DROP TABLE IF EXISTS `kota`;
CREATE TABLE `kota` (
  `id` int(11) NOT NULL,
  `nama` varchar(100) NOT NULL,
  `latitude` double DEFAULT NULL,
  `longitude` double DEFAULT NULL,
  `id_provinsi` int(11) NOT NULL,
  PRIMARY KEY (`id`),
  KEY `id_provinsi` (`id_provinsi`),
  CONSTRAINT `kota_ibfk_2` FOREIGN KEY (`id_provinsi`) REFERENCES `provinsi` (`id`) ON DELETE CASCADE ON UPDATE CASCADE
) ENGINE=InnoDB DEFAULT CHARSET=utf8;

INSERT INTO `kota` (`id`, `nama`, `latitude`, `longitude`, `id_provinsi`) VALUES
(2104,	'KABUPATEN LINGGA',	NULL,	NULL,	10),
(2105,	'KABUPATEN KEPULAUAN ANAMBAS',	NULL,	NULL,	10),
(2171,	'KOTA BATAM',	NULL,	NULL,	10),
(2172,	'KOTA TANJUNG PINANG',	NULL,	NULL,	10),
(3101,	'KABUPATEN KEPULAUAN SERIBU',	NULL,	NULL,	11),
(3171,	'KOTA JAKARTA SELATAN',	NULL,	NULL,	11),
(3172,	'KOTA JAKARTA TIMUR',	NULL,	NULL,	11),
(3173,	'KOTA JAKARTA PUSAT',	NULL,	NULL,	11),
(3174,	'KOTA JAKARTA BARAT',	NULL,	NULL,	11),
(3175,	'KOTA JAKARTA UTARA',	NULL,	NULL,	11),
(3201,	'KABUPATEN BOGOR',	NULL,	NULL,	12),
(3202,	'KABUPATEN SUKABUMI',	NULL,	NULL,	12),
(3203,	'KABUPATEN CIANJUR',	NULL,	NULL,	12),
(3204,	'KABUPATEN BANDUNG',	NULL,	NULL,	12),
(3205,	'KABUPATEN GARUT',	NULL,	NULL,	12),
(3206,	'KABUPATEN TASIKMALAYA',	NULL,	NULL,	12),
(3207,	'KABUPATEN CIAMIS',	NULL,	NULL,	12),
(3208,	'KABUPATEN KUNINGAN',	NULL,	NULL,	12),
(3209,	'KABUPATEN CIREBON',	NULL,	NULL,	12),
(3210,	'KABUPATEN MAJALENGKA',	NULL,	NULL,	12),
(3211,	'KABUPATEN SUMEDANG',	NULL,	NULL,	12),
(3212,	'KABUPATEN INDRAMAYU',	NULL,	NULL,	12),
(3213,	'KABUPATEN SUBANG',	NULL,	NULL,	12),
(3214,	'KABUPATEN PURWAKARTA',	NULL,	NULL,	12),
(3215,	'KABUPATEN KARAWANG',	NULL,	NULL,	12),
(3216,	'KABUPATEN BEKASI',	NULL,	NULL,	12),
(3217,	'KABUPATEN BANDUNG BARAT',	NULL,	NULL,	12),
(3218,	'KABUPATEN PANGANDARAN',	NULL,	NULL,	12),
(3271,	'KOTA BOGOR',	NULL,	NULL,	12),
(3272,	'KOTA SUKABUMI',	NULL,	NULL,	12),
(3273,	'KOTA BANDUNG',	NULL,	NULL,	12),
(3274,	'KOTA CIREBON',	NULL,	NULL,	12),
(3275,	'KOTA BEKASI',	NULL,	NULL,	12),
(3276,	'KOTA DEPOK',	NULL,	NULL,	12),
(3277,	'KOTA CIMAHI',	NULL,	NULL,	12),
(3278,	'KOTA TASIKMALAYA',	NULL,	NULL,	12),
(3279,	'KOTA BANJAR',	NULL,	NULL,	12),
(3301,	'KABUPATEN CILACAP',	NULL,	NULL,	13),
(3302,	'KABUPATEN BANYUMAS',	NULL,	NULL,	13),
(3303,	'KABUPATEN PURBALINGGA',	NULL,	NULL,	13),
(3304,	'KABUPATEN BANJARNEGARA',	NULL,	NULL,	13),
(3305,	'KABUPATEN KEBUMEN',	NULL,	NULL,	13),
(3306,	'KABUPATEN PURWOREJO',	NULL,	NULL,	13),
(3307,	'KABUPATEN WONOSOBO',	NULL,	NULL,	13),
(3308,	'KABUPATEN MAGELANG',	NULL,	NULL,	13),
(3309,	'KABUPATEN BOYOLALI',	NULL,	NULL,	13),
(3310,	'KABUPATEN KLATEN',	NULL,	NULL,	13),
(3311,	'KABUPATEN SUKOHARJO',	NULL,	NULL,	13),
(3312,	'KABUPATEN WONOGIRI',	NULL,	NULL,	13),
(3313,	'KABUPATEN KARANGANYAR',	NULL,	NULL,	13),
(3314,	'KABUPATEN SRAGEN',	NULL,	NULL,	13),
(3315,	'KABUPATEN GROBOGAN',	NULL,	NULL,	13),
(3316,	'KABUPATEN BLORA',	NULL,	NULL,	13),
(3317,	'KABUPATEN REMBANG',	NULL,	NULL,	13),
(3318,	'KABUPATEN PATI',	NULL,	NULL,	13),
(3319,	'KABUPATEN KUDUS',	NULL,	NULL,	13),
(3320,	'KABUPATEN JEPARA',	NULL,	NULL,	13),
(3321,	'KABUPATEN DEMAK',	NULL,	NULL,	13),
(3322,	'KABUPATEN SEMARANG',	NULL,	NULL,	13),
(3323,	'KABUPATEN TEMANGGUNG',	NULL,	NULL,	13),
(3324,	'KABUPATEN KENDAL',	NULL,	NULL,	13),
(3325,	'KABUPATEN BATANG',	NULL,	NULL,	13),
(3326,	'KABUPATEN PEKALONGAN',	NULL,	NULL,	13),
(3327,	'KABUPATEN PEMALANG',	NULL,	NULL,	13),
(3328,	'KABUPATEN TEGAL',	NULL,	NULL,	13),
(3329,	'KABUPATEN BREBES',	NULL,	NULL,	13),
(3371,	'KOTA MAGELANG',	NULL,	NULL,	13),
(3372,	'KOTA SURAKARTA',	NULL,	NULL,	13),
(3373,	'KOTA SALATIGA',	NULL,	NULL,	13),
(3374,	'KOTA SEMARANG',	NULL,	NULL,	13),
(3375,	'KOTA PEKALONGAN',	NULL,	NULL,	13),
(3376,	'KOTA TEGAL',	NULL,	NULL,	13),
(3401,	'KABUPATEN KULON PROGO',	NULL,	NULL,	14),
(3402,	'KABUPATEN BANTUL',	NULL,	NULL,	14),
(3403,	'KABUPATEN GUNUNG KIDUL',	NULL,	NULL,	14),
(3404,	'KABUPATEN SLEMAN',	NULL,	NULL,	14),
(3471,	'KOTA YOGYAKARTA',	NULL,	NULL,	14),
(3501,	'KABUPATEN PACITAN',	-8.09186178,	111.1212158,	15),
(3502,	'KABUPATEN PONOROGO',	-7.9711374,	111.2492189,	15),
(3503,	'KABUPATEN TRENGGALEK',	-8.1027331,	111.5847235,	15),
(3504,	'KABUPATEN TULUNGAGUNG',	-8.1486486,	111.8187379,	15),
(3505,	'KABUPATEN BLITAR',	-8.080984689,	112.1044946,	15),
(3506,	'KABUPATEN KEDIRI',	-7.8424163,	111.9461464,	15),
(3507,	'KABUPATEN MALANG',	-8.1124483,	112.3425848,	15),
(3508,	'KABUPATEN LUMAJANG',	-8.1303639,	113.197253,	15),
(3509,	'KABUPATEN JEMBER',	-8.2655356,	113.3732582,	15),
(3510,	'KABUPATEN BANYUWANGI',	-8.3322203,	113.6609821,	15),
(3511,	'KABUPATEN BONDOWOSO',	-7.885147283,	113.7689386,	15),
(3512,	'KABUPATEN SITUBONDO',	-7.7170179,	113.9278533,	15),
(3513,	'KABUPATEN PROBOLINGGO',	-7.7723105,	113.1664559,	15),
(3514,	'KABUPATEN PASURUAN',	-7.7504729,	112.5571712,	15),
(3515,	'KABUPATEN SIDOARJO',	-7.4548864,	112.5252463,	15),
(3516,	'KABUPATEN MOJOKERTO',	-7.4714887,	112.4217213,	15),
(3517,	'KABUPATEN JOMBANG',	-7.514980942,	112.1923828,	15),
(3518,	'KABUPATEN NGANJUK',	-7.569437336,	111.9396973,	15),
(3519,	'KABUPATEN MADIUN',	-7.602107875,	111.5167236,	15),
(3520,	'KABUPATEN MAGETAN',	-7.618442212,	111.2420556,	15),
(3521,	'KABUPATEN NGAWI',	-7.406047717,	111.2585449,	15),
(3522,	'KABUPATEN BOJONEGORO',	-7.220799643,	111.7144775,	15),
(3523,	'KABUPATEN TUBAN',	-6.926426847,	111.8078613,	15),
(3524,	'KABUPATEN LAMONGAN',	-7.100892669,	112.2143555,	15),
(3525,	'KABUPATEN GRESIK',	-6.964596818,	112.4066238,	15),
(3526,	'KABUPATEN BANGKALAN',	-7.008215837,	112.8515877,	15),
(3527,	'KABUPATEN SAMPANG',	-7.013667928,	113.1866455,	15),
(3528,	'KABUPATEN PAMEKASAN',	-7.035475652,	113.4228548,	15),
(3529,	'KABUPATEN SUMENEP',	-6.959144154,	113.7469482,	15),
(3571,	'KOTA KEDIRI',	-7.792636131,	112.0056089,	15),
(3572,	'KOTA BLITAR',	-8.080984689,	112.1044946,	15),
(3573,	'KOTA MALANG',	-7.944996435,	112.5713948,	15),
(3574,	'KOTA PROBOLINGGO',	-7.754537347,	113.1207335,	15),
(3575,	'KOTA PASURUAN',	-7.634775927,	112.8899918,	15),
(3576,	'KOTA MOJOKERTO',	-7.569437336,	111.9396973,	15),
(3577,	'KOTA MADIUN',	-7.602107875,	111.5167236,	15),
(3578,	'KOTA SURABAYA',	-7.2684575,	112.7413442,	15),
(3579,	'KOTA BATU',	-7.874264687,	112.3571777,	15),
(3601,	'KABUPATEN PANDEGLANG',	NULL,	NULL,	16),
(3602,	'KABUPATEN LEBAK',	NULL,	NULL,	16),
(3603,	'KABUPATEN TANGERANG',	NULL,	NULL,	16),
(3604,	'KABUPATEN SERANG',	NULL,	NULL,	16),
(3671,	'KOTA TANGERANG',	NULL,	NULL,	16),
(3672,	'KOTA CILEGON',	NULL,	NULL,	16),
(3673,	'KOTA SERANG',	NULL,	NULL,	16),
(3674,	'KOTA TANGERANG SELATAN',	NULL,	NULL,	16),
(5101,	'KABUPATEN JEMBRANA',	NULL,	NULL,	17),
(5102,	'KABUPATEN TABANAN',	NULL,	NULL,	17),
(5103,	'KABUPATEN BADUNG',	NULL,	NULL,	17),
(5104,	'KABUPATEN GIANYAR',	NULL,	NULL,	17),
(5105,	'KABUPATEN KLUNGKUNG',	NULL,	NULL,	17),
(5106,	'KABUPATEN BANGLI',	NULL,	NULL,	17),
(5107,	'KABUPATEN KARANG ASEM',	NULL,	NULL,	17),
(5108,	'KABUPATEN BULELENG',	NULL,	NULL,	17),
(5171,	'KOTA DENPASAR',	NULL,	NULL,	17);

DROP TABLE IF EXISTS `migrations`;
CREATE TABLE `migrations` (
  `id` int(10) unsigned NOT NULL AUTO_INCREMENT,
  `migration` varchar(191) COLLATE utf8mb4_unicode_ci NOT NULL,
  `batch` int(11) NOT NULL,
  PRIMARY KEY (`id`)
) ENGINE=InnoDB AUTO_INCREMENT=7 DEFAULT CHARSET=utf8mb4 COLLATE=utf8mb4_unicode_ci;

INSERT INTO `migrations` (`id`, `migration`, `batch`) VALUES
(1,	'2014_10_12_000000_create_users_table',	1),
(2,	'2014_10_12_100000_create_password_resets_table',	1),
(3,	'2021_02_28_065848_create_abouts_table',	2),
(4,	'2021_03_04_131103_create_documents_table',	3),
(5,	'2021_03_06_152102_create_coordinates_table',	4),
(6,	'2021_03_13_175907_create_companies_table',	5);

DROP TABLE IF EXISTS `password_resets`;
CREATE TABLE `password_resets` (
  `email` varchar(191) COLLATE utf8mb4_unicode_ci NOT NULL,
  `token` varchar(191) COLLATE utf8mb4_unicode_ci NOT NULL,
  `created_at` timestamp NULL DEFAULT NULL,
  KEY `password_resets_email_index` (`email`)
) ENGINE=InnoDB DEFAULT CHARSET=utf8mb4 COLLATE=utf8mb4_unicode_ci;


DROP TABLE IF EXISTS `provinsi`;
CREATE TABLE `provinsi` (
  `id` int(11) NOT NULL,
  `nama` varchar(100) NOT NULL,
  PRIMARY KEY (`id`)
) ENGINE=InnoDB DEFAULT CHARSET=utf8;

INSERT INTO `provinsi` (`id`, `nama`) VALUES
(1,	'ACEH'),
(2,	'SUMATERA UTARA'),
(3,	'SUMATERA BARAT'),
(4,	'RIAU'),
(5,	'JAMBI'),
(6,	'SUMATERA SELATAN'),
(7,	'BENGKULU'),
(8,	'LAMPUNG'),
(9,	'KEPULAUAN BANGKA BELITUNG'),
(10,	'KEPULAUAN RIAU'),
(11,	'DKI JAKARTA'),
(12,	'JAWA BARAT'),
(13,	'JAWA TENGAH'),
(14,	'DI YOGYAKARTA'),
(15,	'JAWA TIMUR'),
(16,	'BANTEN'),
(17,	'BALI'),
(18,	'NUSA TENGGARA BARAT'),
(19,	'NUSA TENGGARA TIMUR'),
(20,	'KALIMANTAN BARAT'),
(21,	'KALIMANTAN TENGAH'),
(22,	'KALIMANTAN SELATAN'),
(23,	'KALIMANTAN TIMUR'),
(24,	'KALIMANTAN UTARA'),
(25,	'SULAWESI UTARA'),
(26,	'SULAWESI TENGAH'),
(27,	'SULAWESI SELATAN'),
(28,	'SULAWESI TENGGARA'),
(29,	'GORONTALO'),
(30,	'SULAWESI BARAT'),
(31,	'MALUKU'),
(32,	'MALUKU UTARA'),
(33,	'PAPUA BARAT'),
(34,	'PAPUA');

DROP TABLE IF EXISTS `users`;
CREATE TABLE `users` (
  `id` bigint(20) unsigned NOT NULL AUTO_INCREMENT,
  `name` varchar(191) COLLATE utf8mb4_unicode_ci NOT NULL,
  `phone` varchar(191) COLLATE utf8mb4_unicode_ci NOT NULL,
  `usertype` varchar(191) COLLATE utf8mb4_unicode_ci DEFAULT NULL,
  `email` varchar(191) COLLATE utf8mb4_unicode_ci NOT NULL,
  `email_verified_at` timestamp NULL DEFAULT NULL,
  `password` varchar(191) COLLATE utf8mb4_unicode_ci NOT NULL,
  `remember_token` varchar(100) COLLATE utf8mb4_unicode_ci DEFAULT NULL,
  `created_at` timestamp NULL DEFAULT NULL,
  `updated_at` timestamp NULL DEFAULT NULL,
  `last_login` timestamp NULL DEFAULT NULL,
  PRIMARY KEY (`id`),
  UNIQUE KEY `users_email_unique` (`email`)
) ENGINE=InnoDB AUTO_INCREMENT=9 DEFAULT CHARSET=utf8mb4 COLLATE=utf8mb4_unicode_ci;

INSERT INTO `users` (`id`, `name`, `phone`, `usertype`, `email`, `email_verified_at`, `password`, `remember_token`, `created_at`, `updated_at`, `last_login`) VALUES
(1,	'Satrio Adhi Wibowo',	'087852713406',	'developer',	'sadhiwo136@gmail.com',	NULL,	'$2y$10$F/.ZiJCtGWa5GO0VzSAHGeQnR1L47QYwaEaPhv04PH4btm8bmdu8C',	NULL,	'2021-02-26 13:21:25',	'2021-03-29 16:53:05',	'2021-03-29 16:53:05'),
(5,	'Agus Budi Raharjo',	'3030777',	'admin',	'abr@its.com',	NULL,	'$2y$10$/cmSbAEmgXWP.q6Zc4os0u7DSH5aIDRBFzmBjQacGlPtiSVkzlsWS',	NULL,	'2021-03-02 04:35:10',	'2021-03-29 15:24:50',	'2021-03-29 12:15:18'),
(6,	'Bayu Eka Prawira',	'1234567890',	'developer',	'bayu@its.com',	NULL,	'$2y$10$X5qUdjEhpC0kOD5jRfLWJ.CFmohY2fD5qFt95BRZOYH21MFDIl.aG',	NULL,	'2021-03-07 03:32:51',	'2021-03-29 16:54:26',	'2021-03-29 16:54:26'),
(8,	'Abu Nawas Paijo',	'3030777',	'warga',	'paijo@its.com',	NULL,	'$2y$10$mmQ34KG8kOuHvFqSpcjD6.D5c93Lg/HE4iPdSJMf6es4yO/IBXd3C',	NULL,	'2021-03-12 23:02:06',	'2021-03-12 23:02:36',	'2021-03-12 23:02:36');

-- 2021-03-29 12:39:42
